Student_ID,Branch,Math,Science,English,Computer,Attendance,Study_Hours,Total_Marks,Average_Marks,Grade,Result,Performance_Level
S0001,MECH,40,46,53,59,58,2.6,198,49.5,D,Pass,Needs Attention
S0002,ECE,95,84,86,71,97,8.1,336,84.0,B,Pass,High
S0003,IT,47,55,66,67,82,5.4,235,58.75,D,Pass,Needs Attention
S0004,CSE,46,75,64,63,83,6.4,248,62.0,C,Pass,Moderate
S0005,ECE,73,55,44,52,91,4.3,224,56.0,D,Pass,Needs Attention
S0006,IT,66,82,77,81,91,4.4,306,76.5,B,Pass,High
S0007,MECH,62,53,48,58,70,5.5,221,55.25,D,Pass,Needs Attention
S0008,CSE,83,78,63,80,98,7.5,304,76.0,B,Pass,High
S0009,IT,49,67,70,68,84,3.4,254,63.5,C,Pass,Moderate
S0010,CSE,57,78,77,81,92,6.0,293,73.25,C,Pass,Moderate
S0011,MECH,69,62,68,57,77,4.2,256,64.0,C,Pass,Moderate
S0012,MECH,84,89,81,57,94,7.5,311,77.75,B,Pass,High
S0013,ECE,26,52,31,50,60,6.3,159,39.75,D,Fail,Needs Attention
S0014,CSE,84,94,90,100,73,6.4,368,92.0,A,Pass,High
S0015,CSE,58,52,68,63,99,4.1,241,60.25,C,Pass,Moderate
S0016,IT,57,50,62,68,89,4.6,237,59.25,D,Pass,Needs Attention
S0017,ECE,39,58,46,15,58,2.3,158,39.5,D,Fail,Needs Attention
S0018,IT,94,89,77,93,100,5.5,353,88.25,B,Pass,High
S0019,ECE,72,75,61,65,90,6.0,273,68.25,C,Pass,Moderate
S0020,IT,72,65,79,74,90,6.2,290,72.5,C,Pass,Moderate
S0021,IT,27,47,57,63,70,4.1,194,48.5,D,Fail,Needs Attention
S0022,MECH,46,46,43,23,40,2.0,158,39.5,D,Fail,Needs Attention
S0023,IT,47,63,54,49,80,4.7,213,53.25,D,Pass,Needs Attention
S0024,IT,90,97,57,75,100,7.4,319,79.75,B,Pass,High
S0025,CSE,4,18,8,41,40,0.4,71,17.75,F,Fail,Needs Attention
S0026,IT,54,69,75,81,77,6.6,279,69.75,C,Pass,Moderate
S0027,CSE,62,79,69,100,100,5.2,310,77.5,B,Pass,High
S0028,MECH,85,75,90,72,100,10.1,322,80.5,B,Pass,High
S0029,MECH,75,84,70,68,100,7.3,297,74.25,C,Pass,Moderate
S0030,CSE,80,52,88,68,83,5.9,288,72.0,C,Pass,Moderate
S0031,ECE,95,97,100,84,100,5.0,376,94.0,A,Pass,High
S0032,IT,33,47,40,59,60,2.4,179,44.75,D,Fail,Needs Attention
S0033,IT,45,53,35,27,72,1.1,160,40.0,D,Fail,Needs Attention
S0034,MECH,62,48,74,65,90,3.6,249,62.25,C,Pass,Moderate
S0035,ECE,69,56,72,70,87,4.6,267,66.75,C,Pass,Moderate
S0036,IT,39,56,46,56,47,4.1,197,49.25,D,Pass,Needs Attention
S0037,MECH,75,84,86,70,100,3.8,315,78.75,B,Pass,High
S0038,CSE,45,78,68,75,84,5.4,266,66.5,C,Pass,Moderate
S0039,ECE,51,49,58,46,72,2.8,204,51.0,D,Pass,Needs Attention
S0040,CSE,57,60,68,70,72,7.2,255,63.75,C,Pass,Moderate
S0041,CSE,66,84,71,63,81,5.4,284,71.0,C,Pass,Moderate
S0042,CSE,47,72,59,86,97,6.4,264,66.0,C,Pass,Moderate
S0043,MECH,70,72,54,76,100,5.0,272,68.0,C,Pass,Moderate
S0044,IT,58,52,65,71,86,5.8,246,61.5,C,Pass,Moderate
S0045,ECE,36,52,63,46,48,0.0,197,49.25,D,Pass,Needs Attention
S0046,CSE,21,41,39,52,68,2.5,153,38.25,D,Fail,Needs Attention
S0047,ECE,68,56,53,68,85,6.6,245,61.25,C,Pass,Moderate
S0048,ECE,42,65,62,47,69,7.7,216,54.0,D,Pass,Needs Attention
S0049,MECH,92,100,75,99,100,6.4,366,91.5,A,Pass,High
S0050,ECE,82,68,66,83,100,6.1,299,74.75,C,Pass,Moderate
S0051,IT,54,57,54,80,94,4.6,245,61.25,C,Pass,Moderate
S0052,ECE,36,47,51,49,62,3.8,183,45.75,D,Pass,Needs Attention
S0053,ECE,80,53,58,77,79,5.5,268,67.0,C,Pass,Moderate
S0054,IT,56,40,37,53,54,4.5,186,46.5,D,Pass,Needs Attention
S0055,MECH,67,50,66,69,75,3.6,252,63.0,C,Pass,Moderate
S0056,MECH,54,51,21,43,59,3.2,169,42.25,D,Fail,Needs Attention
S0057,IT,71,100,81,78,94,8.5,330,82.5,B,Pass,High
S0058,ECE,80,77,93,72,100,8.0,322,80.5,B,Pass,High
S0059,ECE,70,74,79,72,100,7.8,295,73.75,C,Pass,Moderate
S0060,CSE,81,74,78,86,99,6.1,319,79.75,B,Pass,High
S0061,CSE,44,42,54,45,78,4.1,185,46.25,D,Pass,Needs Attention
S0062,ECE,61,74,86,69,98,5.1,290,72.5,C,Pass,Moderate
S0063,ECE,76,84,94,81,100,4.2,335,83.75,B,Pass,High
S0064,MECH,75,70,62,69,80,7.3,276,69.0,C,Pass,Moderate
S0065,MECH,55,26,63,66,62,3.6,210,52.5,D,Fail,Needs Attention
S0066,MECH,62,62,62,66,77,8.0,252,63.0,C,Pass,Moderate
S0067,CSE,64,38,60,49,70,2.3,211,52.75,D,Pass,Needs Attention
S0068,MECH,54,43,40,70,81,4.9,207,51.75,D,Pass,Needs Attention
S0069,IT,70,64,71,66,82,3.7,271,67.75,C,Pass,Moderate
S0070,IT,80,82,72,100,88,3.8,334,83.5,B,Pass,High
S0071,ECE,56,33,65,47,71,3.6,201,50.25,D,Fail,Needs Attention
S0072,MECH,72,59,86,75,83,3.1,292,73.0,C,Pass,Moderate
S0073,ECE,32,61,38,25,57,1.0,156,39.0,D,Fail,Needs Attention
S0074,MECH,56,38,45,47,68,5.7,186,46.5,D,Pass,Needs Attention
S0075,MECH,69,86,94,81,100,6.1,330,82.5,B,Pass,High
S0076,CSE,85,75,65,81,78,3.1,306,76.5,B,Pass,High
S0077,ECE,67,64,58,69,75,6.0,258,64.5,C,Pass,Moderate
S0078,IT,69,84,92,71,87,5.4,316,79.0,B,Pass,High
S0079,IT,55,66,64,87,78,5.8,272,68.0,C,Pass,Moderate
S0080,ECE,66,89,53,65,94,3.7,273,68.25,C,Pass,Moderate
S0081,MECH,33,33,48,50,63,3.3,164,41.0,D,Fail,Needs Attention
S0082,IT,63,51,62,70,83,6.0,246,61.5,C,Pass,Moderate
S0083,MECH,49,36,71,68,76,5.5,224,56.0,D,Pass,Needs Attention
S0084,MECH,26,52,36,22,68,3.8,136,34.0,F,Fail,Needs Attention
S0085,MECH,48,58,56,72,100,5.9,234,58.5,D,Pass,Needs Attention
S0086,MECH,14,18,26,30,43,2.7,88,22.0,F,Fail,Needs Attention
S0087,MECH,55,55,44,57,89,2.4,211,52.75,D,Pass,Needs Attention
S0088,MECH,64,73,64,53,93,3.2,254,63.5,C,Pass,Moderate
S0089,MECH,43,47,50,42,70,7.2,182,45.5,D,Pass,Needs Attention
S0090,IT,59,46,84,65,84,2.9,254,63.5,C,Pass,Moderate
S0091,MECH,61,38,47,40,72,0.0,186,46.5,D,Pass,Needs Attention
S0092,ECE,72,74,63,61,79,6.9,270,67.5,C,Pass,Moderate
S0093,CSE,69,68,69,85,94,4.2,291,72.75,C,Pass,Moderate
S0094,IT,48,55,57,45,88,3.2,205,51.25,D,Pass,Needs Attention
S0095,IT,94,81,83,82,100,7.6,340,85.0,B,Pass,High
S0096,ECE,95,100,95,90,100,7.6,380,95.0,A,Pass,High
S0097,IT,59,87,43,76,83,4.1,265,66.25,C,Pass,Moderate
S0098,MECH,46,66,55,43,71,4.5,210,52.5,D,Pass,Needs Attention
S0099,IT,59,91,74,90,95,5.6,314,78.5,B,Pass,High
S0100,ECE,69,71,78,61,77,4.7,279,69.75,C,Pass,Moderate
S0101,MECH,54,54,56,80,85,4.7,244,61.0,C,Pass,Moderate
S0102,IT,34,38,48,35,55,6.0,155,38.75,D,Fail,Needs Attention
S0103,ECE,89,89,63,70,87,6.0,311,77.75,B,Pass,High
S0104,IT,58,62,37,57,80,0.7,214,53.5,D,Pass,Needs Attention
S0105,IT,50,69,54,52,69,4.0,225,56.25,D,Pass,Needs Attention
S0106,CSE,75,79,66,88,88,3.6,308,77.0,B,Pass,High
S0107,MECH,47,23,38,62,74,3.1,170,42.5,D,Fail,Needs Attention
S0108,ECE,63,54,62,58,78,6.8,237,59.25,D,Pass,Needs Attention
S0109,IT,63,51,72,70,86,6.7,256,64.0,C,Pass,Moderate
S0110,IT,84,64,100,83,100,7.7,331,82.75,B,Pass,High
S0111,ECE,39,45,53,32,74,4.6,169,42.25,D,Fail,Needs Attention
S0112,CSE,74,87,75,100,100,6.9,336,84.0,B,Pass,High
S0113,MECH,79,72,81,61,92,7.8,293,73.25,C,Pass,Moderate
S0114,ECE,75,73,71,63,79,6.7,282,70.5,C,Pass,Moderate
S0115,ECE,88,89,92,100,100,7.2,369,92.25,A,Pass,High
S0116,ECE,50,39,40,30,56,5.1,159,39.75,D,Fail,Needs Attention
S0117,CSE,66,51,40,62,53,2.8,219,54.75,D,Pass,Needs Attention
S0118,CSE,100,81,94,84,100,7.3,359,89.75,B,Pass,High
S0119,ECE,39,49,42,23,53,4.2,153,38.25,D,Fail,Needs Attention
S0120,CSE,67,56,48,78,81,5.4,249,62.25,C,Pass,Moderate
S0121,CSE,55,64,51,75,100,3.7,245,61.25,C,Pass,Moderate
S0122,CSE,98,100,96,100,100,10.3,394,98.5,A,Pass,High
S0123,IT,75,68,97,99,94,5.0,339,84.75,B,Pass,High
S0124,CSE,50,72,55,66,95,6.0,243,60.75,C,Pass,Moderate
S0125,IT,9,24,8,53,49,4.8,94,23.5,F,Fail,Needs Attention
S0126,IT,66,73,87,73,88,4.8,299,74.75,C,Pass,Moderate
S0127,MECH,31,50,58,53,73,6.6,192,48.0,D,Fail,Needs Attention
S0128,MECH,50,41,49,57,69,5.0,197,49.25,D,Pass,Needs Attention
S0129,ECE,100,100,100,100,100,12.2,400,100.0,A,Pass,High
S0130,CSE,49,53,69,57,71,1.6,228,57.0,D,Pass,Needs Attention
S0131,ECE,58,66,80,61,96,4.3,265,66.25,C,Pass,Moderate
S0132,ECE,77,40,58,43,73,7.6,218,54.5,D,Pass,Needs Attention
S0133,ECE,52,60,45,73,69,4.0,230,57.5,D,Pass,Needs Attention
S0134,MECH,86,73,71,75,100,8.4,305,76.25,B,Pass,High
S0135,ECE,52,35,49,34,78,2.0,170,42.5,D,Fail,Needs Attention
S0136,IT,71,62,82,69,87,9.1,284,71.0,C,Pass,Moderate
S0137,CSE,65,43,48,49,76,2.9,205,51.25,D,Pass,Needs Attention
S0138,ECE,66,68,46,37,76,6.8,217,54.25,D,Pass,Needs Attention
S0139,ECE,58,83,82,60,94,4.7,283,70.75,C,Pass,Moderate
S0140,MECH,79,79,63,74,92,5.6,295,73.75,C,Pass,Moderate
S0141,MECH,95,100,79,82,100,7.7,356,89.0,B,Pass,High
S0142,ECE,65,73,46,65,65,2.0,249,62.25,C,Pass,Moderate
S0143,ECE,36,36,33,35,41,2.9,140,35.0,D,Fail,Needs Attention
S0144,CSE,73,73,72,80,98,7.7,298,74.5,C,Pass,Moderate
S0145,IT,50,47,59,76,68,4.9,232,58.0,D,Pass,Needs Attention
S0146,ECE,46,49,40,51,65,4.6,186,46.5,D,Pass,Needs Attention
S0147,ECE,68,94,83,78,97,4.9,323,80.75,B,Pass,High
S0148,ECE,89,70,68,67,73,6.2,294,73.5,C,Pass,Moderate
S0149,ECE,65,78,63,72,62,5.8,278,69.5,C,Pass,Moderate
S0150,MECH,55,53,63,59,95,6.9,230,57.5,D,Pass,Needs Attention
